,mean,sd,hdi_3%,hdi_97%,mcse_mean,mcse_sd,ess_bulk,ess_tail,r_hat,5%,-$1\sigma$,median,+$1\sigma$,95%
Rs[0],0.76003,0.04318,0.67553,0.84018,0.00092,0.00065,2195.12994,1214.21333,0.99987,0.68678,0.71743,0.76195,0.80232,0.82985
per_b,11.19729,4e-05,11.19723,11.19736,0.0,0.0,1104.04979,948.49722,0.99999,11.19724,11.19725,11.19728,11.19732,11.19736
logs2[0],0.01439,0.06887,-0.11354,0.14331,0.00146,0.00144,2218.59913,1621.8086,1.00005,-0.09798,-0.05431,0.01301,0.08485,0.12807
logs2[1],-2.63313,0.32055,-3.19836,-2.09197,0.00905,0.00686,1705.24438,1378.19879,1.00117,-3.17063,-2.91402,-2.5977,-2.33461,-2.1824
logs2[2],-6.22621,0.97681,-8.09593,-4.5882,0.03383,0.02434,906.48274,892.25441,1.00274,-8.01149,-7.18879,-6.07729,-5.30375,-4.86541
phot_mean,-0.01799,0.01319,-0.0433,0.00585,0.00028,0.00021,2155.37016,1734.02066,1.0022,-0.04059,-0.03104,-0.01775,-0.0045,0.00324
rho_S,1.91946,0.38985,1.25729,2.66319,0.0366,0.02595,96.53073,512.22356,1.03822,1.34664,1.55108,1.89267,2.25143,2.62842
Ms[0],0.8517,0.2333,0.46681,1.27842,0.01312,0.00929,296.3749,783.77005,1.0153,0.53171,0.63805,0.82134,1.05993,1.25795
t0_b,2287.60533,0.00152,2287.60279,2287.60852,5e-05,4e-05,1088.1568,786.55042,1.00127,2287.60328,2287.60403,2287.60514,2287.60646,2287.60839
logror_b,-3.36029,0.02523,-3.40536,-3.31065,0.001,0.00071,635.32824,1046.49777,1.00926,-3.39977,-3.38453,-3.36093,-3.33622,-3.31987
ror_b,0.03474,0.00088,0.03319,0.03649,3e-05,2e-05,635.32824,1046.49777,1.00926,0.03338,0.03389,0.0347,0.03557,0.03616
rpl_b[0],2.88308,0.18145,2.52702,3.21247,0.00426,0.00301,1824.02513,1279.50097,1.00012,2.59299,2.70276,2.88046,3.06638,3.18652
logmassest_b[0],2.18601,0.06958,2.04947,2.31233,0.00163,0.00115,1824.02513,1279.50097,1.00012,2.07477,2.11686,2.18501,2.25631,2.30238
ecc_b[0],0.10041,0.10034,0.00011,0.28541,0.00655,0.00464,179.90908,255.35657,1.02935,0.00306,0.01195,0.06385,0.20193,0.30789
ecc_b_sigma_gauss,0.04894,0.01996,0.00936,0.08461,0.00073,0.00052,699.20412,346.65836,1.00076,0.01537,0.02867,0.04866,0.06911,0.08204
ecc_b_sigma_rayleigh,0.25406,0.04988,0.1542,0.34113,0.00113,0.0008,1970.17492,1357.94481,1.00033,0.17051,0.20479,0.25439,0.30323,0.33476
ecc_b_frac,0.67281,0.17025,0.39359,0.99952,0.00792,0.00586,428.45151,536.724,1.0058,0.37493,0.50165,0.68073,0.85735,0.93721
omega_b,-0.72106,1.74046,-2.98639,2.81288,0.24525,0.17443,119.24229,270.60328,1.11436,-2.84004,-2.48191,-1.14598,1.56574,2.75003
b_b,0.25966,0.1734,3e-05,0.55301,0.01,0.00708,247.6404,217.82737,1.02322,0.02463,0.07007,0.24341,0.44806,0.56975
a_Rs_b,26.05546,1.72958,22.78139,29.22521,0.16761,0.11884,96.50504,512.22356,1.03823,23.25421,24.37612,26.04826,27.5998,29.06143
incl_b,89.41942,0.39893,88.73156,89.99993,0.02112,0.01496,275.6412,205.42487,1.01993,88.69762,88.98719,89.47015,89.85251,89.94805
t0_c,2288.62809,0.00775,2288.6132,2288.63955,0.00028,0.0002,843.4126,1419.67839,1.0057,2288.61373,2288.61911,2288.62919,2288.6361,2288.63837
t0_2_c,1554.13433,0.00387,1554.12746,1554.14212,0.0001,7e-05,1461.16921,1453.85884,1.00258,1554.12799,1554.1305,1554.13438,1554.13819,1554.14083
per_c[0],734.49376,0.00863,734.47608,734.50756,0.00028,0.0002,1000.09449,1510.63048,1.00508,734.47809,734.48414,734.49474,734.50246,734.50627
per_c[1],244.83125,0.00288,244.82536,244.83585,9e-05,7e-05,1000.09449,1510.63048,1.00508,244.82603,244.82805,244.83158,244.83415,244.83542
per_c[2],146.89875,0.00173,146.89522,146.90151,6e-05,4e-05,1000.09449,1510.63048,1.00508,146.89562,146.89683,146.89895,146.90049,146.90125
per_c[3],104.92768,0.00123,104.92515,104.92965,4e-05,3e-05,1000.09449,1510.63048,1.00508,104.92544,104.92631,104.92782,104.92892,104.92947
per_c[4],81.61042,0.00096,81.60845,81.61195,3e-05,2e-05,1000.09449,1510.63048,1.00508,81.60868,81.60935,81.61053,81.61138,81.61181
per_c[5],66.77216,0.00078,66.77055,66.77341,3e-05,2e-05,1000.09449,1510.63048,1.00508,66.77074,66.77129,66.77225,66.77295,66.7733
per_c[6],56.49952,0.00066,56.49816,56.50058,2e-05,2e-05,1000.09449,1510.63048,1.00508,56.49831,56.49878,56.4996,56.50019,56.50048
per_c[7],48.96625,0.00058,48.96507,48.96717,2e-05,1e-05,1000.09449,1510.63048,1.00508,48.96521,48.96561,48.96632,48.96683,48.96708
per_c[8],43.20552,0.00051,43.20448,43.20633,2e-05,1e-05,1000.09449,1510.63048,1.00508,43.20459,43.20495,43.20557,43.20603,43.20625
per_c[9],38.65757,0.00045,38.65664,38.65829,1e-05,1e-05,1000.09449,1510.63048,1.00508,38.65674,38.65706,38.65762,38.65802,38.65822
per_c[10],34.97589,0.00041,34.97505,34.97655,1e-05,1e-05,1000.09449,1510.63048,1.00508,34.97515,34.97544,34.97594,34.97631,34.97649
per_c[11],31.93451,0.00038,31.93374,31.93511,1e-05,1e-05,1000.09449,1510.63048,1.00508,31.93383,31.93409,31.93455,31.93489,31.93506
per_c[12],27.20347,0.00032,27.20282,27.20398,1e-05,1e-05,1000.09449,1510.63048,1.00508,27.20289,27.20312,27.20351,27.20379,27.20394
per_c[13],25.32737,0.0003,25.32676,25.32785,1e-05,1e-05,1000.09449,1510.63048,1.00508,25.32683,25.32704,25.3274,25.32767,25.3278
per_c[14],23.69335,0.00028,23.69278,23.69379,1e-05,1e-05,1000.09449,1510.63048,1.00508,23.69284,23.69304,23.69338,23.69363,23.69375
per_c[15],19.85118,0.00023,19.8507,19.85156,1e-05,1e-05,1000.09449,1510.63048,1.00508,19.85076,19.85092,19.85121,19.85142,19.85152
per_c[16],18.83317,0.00022,18.83272,18.83353,1e-05,1e-05,1000.09449,1510.63048,1.00508,18.83277,18.83293,18.8332,18.8334,18.83349
logror_c,-3.48789,0.05982,-3.59565,-3.37366,0.00158,0.00112,1451.79921,1555.90703,1.00202,-3.58722,-3.54597,-3.48701,-3.42916,-3.39368
ror_c,0.03062,0.00183,0.02744,0.03426,5e-05,3e-05,1451.79921,1555.90703,1.00202,0.02768,0.02884,0.03059,0.03241,0.03358
rpl_c[0],2.54161,0.21326,2.16153,2.95746,0.00537,0.0038,1580.48042,1529.24577,1.0026,2.20349,2.32852,2.53808,2.75067,2.90641
logmassest_c[0],2.05506,0.08178,1.90931,2.21454,0.00206,0.00146,1580.48042,1529.24577,1.0026,1.9254,1.97335,2.05371,2.13523,2.19496
b_c,0.74596,0.09295,0.57584,0.90722,0.0042,0.00302,490.34661,852.65269,1.00711,0.5837,0.65855,0.75824,0.83338,0.87278
tdur_c,0.1214,0.00857,0.10638,0.1385,0.00027,0.00019,1006.46716,922.3351,1.00106,0.10771,0.11268,0.12147,0.12938,0.13572
vel_c[0],3.18266,0.33281,2.55385,3.74995,0.01097,0.00776,1042.81595,1030.02151,1.00487,2.56068,2.88044,3.21442,3.50274,3.64388
vel_c[1],2.20674,0.23076,1.77074,2.60007,0.00761,0.00538,1042.81595,1030.02151,1.00487,1.77548,1.99718,2.22875,2.42866,2.52652
vel_c[2],1.86123,0.19463,1.4935,2.19298,0.00642,0.00454,1042.81595,1030.02151,1.00487,1.4975,1.68449,1.8798,2.04841,2.13095
vel_c[3],1.66376,0.17398,1.33505,1.96032,0.00574,0.00406,1042.81595,1030.02151,1.00487,1.33862,1.50577,1.68036,1.83108,1.90487
vel_c[4],1.53007,0.16,1.22776,1.80279,0.00527,0.00373,1042.81595,1030.02151,1.00487,1.23105,1.38477,1.54533,1.68394,1.75179
vel_c[5],1.43107,0.14965,1.14832,1.68614,0.00493,0.00349,1042.81595,1030.02151,1.00488,1.1514,1.29517,1.44534,1.57499,1.63845
vel_c[6],1.35356,0.14154,1.08613,1.59482,0.00467,0.0033,1042.81595,1030.02151,1.00488,1.08903,1.22502,1.36706,1.48968,1.54971
vel_c[7],1.29051,0.13495,1.03554,1.52053,0.00445,0.00315,1042.81595,1030.02151,1.00487,1.03831,1.16796,1.30338,1.42029,1.47752
vel_c[8],1.23777,0.12943,0.99322,1.4584,0.00427,0.00302,1042.81595,1030.02151,1.00487,0.99588,1.12023,1.25012,1.36225,1.41715
vel_c[9],1.19272,0.12472,0.95707,1.40532,0.00411,0.00291,1042.81595,1030.02151,1.00487,0.95963,1.07946,1.20462,1.31267,1.36557
vel_c[10],1.15359,0.12063,0.92567,1.35921,0.00398,0.00281,1042.81595,1030.02151,1.00485,0.92815,1.04404,1.1651,1.2696,1.32076
vel_c[11],1.11913,0.11703,0.89802,1.31861,0.00386,0.00273,1042.81595,1030.02151,1.00487,0.90042,1.01286,1.1303,1.23168,1.28131
vel_c[12],1.06089,0.11094,0.85128,1.24998,0.00366,0.00259,1042.81595,1030.02151,1.00487,0.85356,0.96015,1.07147,1.16758,1.21463
vel_c[13],1.03592,0.10833,0.83125,1.22056,0.00357,0.00253,1042.81595,1030.02151,1.00488,0.83347,0.93755,1.04625,1.1401,1.18604
vel_c[14],1.01314,0.10594,0.81297,1.19373,0.00349,0.00247,1042.81595,1030.02151,1.00485,0.81515,0.91693,1.02325,1.11503,1.15996
vel_c[15],0.95512,0.09988,0.76641,1.12536,0.00329,0.00233,1042.81595,1030.02151,1.00487,0.76846,0.86442,0.96465,1.05117,1.09353
vel_c[16],0.9385,0.09814,0.75308,1.10578,0.00324,0.00229,1042.81595,1030.02151,1.00485,0.75509,0.84938,0.94787,1.03289,1.07451
logvel_c[0],1.15175,0.11202,0.95175,1.3346,0.00381,0.00269,1042.81595,1030.02151,1.00495,0.94027,1.05794,1.16765,1.25354,1.29305
logvel_c[1],0.78555,0.11202,0.58555,0.96839,0.00381,0.00269,1042.81595,1030.02151,1.00497,0.57407,0.69174,0.80144,0.88734,0.92684
logvel_c[2],0.61527,0.11202,0.41527,0.79812,0.00381,0.00269,1042.81595,1030.02151,1.00497,0.40379,0.52146,0.63117,0.71707,0.75657
logvel_c[3],0.50311,0.11202,0.30311,0.68596,0.00381,0.00269,1042.81595,1030.02151,1.00497,0.29164,0.4093,0.51901,0.60491,0.64441
logvel_c[4],0.41934,0.11202,0.21934,0.60219,0.00381,0.00269,1042.81595,1030.02151,1.00498,0.20787,0.32553,0.43524,0.52114,0.56064
logvel_c[5],0.35245,0.11202,0.15245,0.5353,0.00381,0.00269,1042.81595,1030.02151,1.00497,0.14098,0.25864,0.36835,0.45425,0.49375
logvel_c[6],0.29677,0.11202,0.09677,0.47961,0.00381,0.00269,1042.81595,1030.02151,1.00497,0.08529,0.20296,0.31266,0.39856,0.43807
logvel_c[7],0.24907,0.11202,0.04907,0.43191,0.00381,0.00269,1042.81595,1030.02151,1.00497,0.03759,0.15526,0.26496,0.35086,0.39037
logvel_c[8],0.20735,0.11202,0.00734,0.39019,0.00381,0.00269,1042.81595,1030.02151,1.00495,-0.00413,0.11354,0.22324,0.30914,0.34864
logvel_c[9],0.17027,0.11202,-0.02973,0.35312,0.00381,0.00269,1042.81595,1030.02151,1.00495,-0.04121,0.07646,0.18617,0.27206,0.31157
logvel_c[10],0.13691,0.11202,-0.06309,0.31975,0.00381,0.00269,1042.81595,1030.02151,1.00495,-0.07457,0.0431,0.1528,0.2387,0.27821
logvel_c[11],0.10659,0.11202,-0.09342,0.28943,0.00381,0.00269,1042.81595,1030.02151,1.00498,-0.10489,0.01278,0.12248,0.20838,0.24788
logvel_c[12],0.05314,0.11202,-0.14686,0.23598,0.00381,0.00299,1042.81595,1030.02151,1.00497,-0.15834,-0.04067,0.06903,0.15493,0.19444
logvel_c[13],0.02932,0.11202,-0.17068,0.21216,0.00381,0.00309,1042.81595,1030.02151,1.00497,-0.18216,-0.06449,0.04521,0.13111,0.17062
logvel_c[14],0.00709,0.11202,-0.19291,0.18993,0.00381,0.00314,1042.81595,1030.02151,1.00498,-0.20439,-0.08672,0.02298,0.10888,0.14839
logvel_c[15],-0.05189,0.11202,-0.25189,0.13096,0.00381,0.00312,1042.81595,1030.02151,1.00497,-0.26337,-0.1457,-0.03599,0.04991,0.08941
logvel_c[16],-0.06944,0.11202,-0.26944,0.11341,0.00381,0.0031,1042.81595,1030.02151,1.00497,-0.28091,-0.16325,-0.05354,0.03236,0.07186
min_ecc_c[0],0.81474,0.04319,0.74057,0.87037,0.00154,0.00109,1042.81595,1030.02151,1.005,0.73535,0.78487,0.82352,0.84927,0.85992
min_ecc_c[1],0.65119,0.0709,0.52668,0.748,0.0025,0.00177,1042.81595,1030.02151,1.005,0.51834,0.5991,0.66484,0.71008,0.72912
min_ecc_c[2],0.54323,0.08456,0.39294,0.66298,0.00295,0.00209,1042.81595,1030.02151,1.00503,0.38319,0.47883,0.55885,0.61509,0.63905
min_ecc_c[3],0.46066,0.09142,0.29416,0.59538,0.00315,0.00222,1041.04439,1030.02151,1.00491,0.28364,0.38788,0.47693,0.54053,0.5679
min_ecc_c[4],0.39386,0.09348,0.21589,0.5386,0.00311,0.0022,1050.3877,1064.34271,1.00478,0.20517,0.3145,0.40969,0.47858,0.50845
min_ecc_c[5],0.33797,0.09312,0.15388,0.48885,0.00297,0.0021,1087.47931,1073.34051,1.00528,0.14848,0.25353,0.35255,0.42538,0.45719
min_ecc_c[6],0.2901,0.09177,0.09879,0.43346,0.00285,0.00201,1114.64594,1292.49598,1.00483,0.10414,0.20146,0.30294,0.37872,0.41204
min_ecc_c[7],0.24892,0.08882,0.06451,0.39504,0.00269,0.0019,1146.45869,1382.85397,1.00379,0.06623,0.15927,0.2591,0.33718,0.37168
min_ecc_c[8],0.21318,0.08527,0.0426,0.35782,0.00254,0.0018,1171.99636,1518.83524,1.00389,0.04858,0.12047,0.22058,0.29989,0.3358
min_ecc_c[9],0.18235,0.08106,0.01075,0.3041,0.0024,0.00169,1197.16501,1530.0492,1.00331,0.03243,0.09046,0.18556,0.26669,0.30293
min_ecc_c[10],0.15597,0.07671,0.00357,0.27344,0.0023,0.00166,1137.5892,1286.32206,1.00216,0.02302,0.06871,0.15476,0.23675,0.27599
min_ecc_c[11],0.13368,0.07284,0.00179,0.24497,0.00224,0.00168,1104.41988,1218.28425,1.00256,0.01779,0.05411,0.12821,0.20919,0.24991
min_ecc_c[12],0.10094,0.06844,0.0001,0.20535,0.00226,0.0018,1105.92973,1064.76278,1.00558,0.01351,0.03252,0.08864,0.16618,0.21156
min_ecc_c[13],0.08989,0.06942,0.0001,0.1931,0.00239,0.0019,1075.94335,1024.4961,1.0082,0.00702,0.02583,0.07445,0.151,0.20019
min_ecc_c[14],0.08286,0.07186,0.0001,0.19056,0.00257,0.002,991.70343,1049.29841,1.00718,0.00663,0.01883,0.07023,0.14121,0.2019
min_ecc_c[15],0.08589,0.08313,0.00012,0.2395,0.00297,0.00229,1058.73156,1030.02151,1.00246,0.00861,0.02239,0.05922,0.14543,0.25744
min_ecc_c[16],0.09221,0.08794,0.0001,0.25597,0.00311,0.0024,1031.58472,1030.02151,1.00665,0.00794,0.02259,0.06501,0.16202,0.27375
omega_c[0],1.5708,0.0,1.5708,1.5708,0.0,0.0,2000.0,2000.0,,1.5708,1.5708,1.5708,1.5708,1.5708
omega_c[1],1.5708,0.0,1.5708,1.5708,0.0,0.0,2000.0,2000.0,,1.5708,1.5708,1.5708,1.5708,1.5708
omega_c[2],1.57237,0.07025,1.5708,1.5708,0.00156,0.00111,2016.19407,2016.19407,1.0,1.5708,1.5708,1.5708,1.5708,1.5708
omega_c[3],1.58022,0.17186,1.5708,1.5708,0.00583,0.00412,869.88122,869.88122,1.00164,1.5708,1.5708,1.5708,1.5708,1.5708
omega_c[4],1.60064,0.30482,1.5708,1.5708,0.0132,0.00934,533.34383,533.34383,1.00409,1.5708,1.5708,1.5708,1.5708,1.5708
omega_c[5],1.61164,0.35595,1.5708,1.5708,0.01437,0.01017,613.22698,613.22698,1.00332,1.5708,1.5708,1.5708,1.5708,1.5708
omega_c[6],1.64148,0.46602,1.5708,1.5708,0.01728,0.01222,727.65395,727.65395,1.00332,1.5708,1.5708,1.5708,1.5708,1.5708
omega_c[7],1.67761,0.56949,1.5708,1.5708,0.01956,0.01384,847.51669,847.51669,1.00345,1.5708,1.5708,1.5708,1.5708,1.5708
omega_c[8],1.73573,0.70085,1.5708,1.5708,0.02223,0.01572,994.29721,994.29721,1.00249,1.5708,1.5708,1.5708,1.5708,4.71239
omega_c[9],1.80327,0.82258,1.5708,4.71239,0.02602,0.01841,999.13844,999.13844,1.00285,1.5708,1.5708,1.5708,1.5708,4.71239
omega_c[10],1.90066,0.96331,1.5708,4.71239,0.03093,0.02188,969.94546,969.94546,1.00317,1.5708,1.5708,1.5708,1.5708,4.71239
omega_c[11],2.00748,1.08709,1.5708,4.71239,0.03368,0.02382,1041.84083,1041.84083,1.00308,1.5708,1.5708,1.5708,1.5708,4.71239
omega_c[12],2.3185,1.33821,1.5708,4.71239,0.04316,0.03052,961.54917,961.54917,1.00302,1.5708,1.5708,1.5708,4.71239,4.71239
omega_c[13],2.52584,1.44544,1.5708,4.71239,0.04491,0.03177,1035.66598,1035.66598,1.00285,1.5708,1.5708,1.5708,4.71239,4.71239
omega_c[14],2.76303,1.52488,1.5708,4.71239,0.04568,0.03231,1114.14968,1114.14968,1.00068,1.5708,1.5708,1.5708,4.71239,4.71239
omega_c[15],3.64582,1.48804,1.5708,4.71239,0.04685,0.03314,1008.77168,1008.77168,1.00195,1.5708,1.5708,4.71239,4.71239,4.71239
omega_c[16],3.81389,1.42001,1.5708,4.71239,0.04306,0.03046,1087.46402,1087.46402,1.00178,1.5708,1.5708,4.71239,4.71239,4.71239
a_Rs_c[0],423.78828,28.13145,370.53188,475.34866,2.72603,1.9329,96.50537,512.22356,1.03822,378.22732,396.47802,423.67195,448.90558,472.68308
a_Rs_c[1],203.73616,13.52419,178.13315,228.5238,1.31054,0.92924,96.50537,512.22356,1.03822,181.83273,190.60675,203.68023,215.81129,227.24232
a_Rs_c[2],144.93355,9.62082,126.72012,162.56696,0.93229,0.66104,96.50537,512.22356,1.03822,129.35192,135.59357,144.89377,153.52355,161.65534
a_Rs_c[3],115.81112,7.68765,101.25743,129.90133,0.74496,0.52821,96.50537,512.22356,1.03822,103.3604,108.34788,115.77933,122.67507,129.17289
a_Rs_c[4],97.94613,6.50175,85.63749,109.86278,0.63004,0.44673,96.50537,512.22356,1.03822,87.41606,91.63417,97.91924,103.75125,109.24671
a_Rs_c[5],85.68152,5.68762,74.91414,96.106,0.55115,0.39079,96.50537,512.22356,1.03822,76.47,80.15993,85.658,90.75973,95.56707
a_Rs_c[6],76.65139,5.08819,67.01881,85.97722,0.49306,0.34961,96.50537,512.22356,1.03822,68.41069,71.71173,76.63035,81.1944,85.49509
a_Rs_c[7],69.67679,4.62521,60.92068,78.15404,0.4482,0.3178,96.50537,512.22356,1.03822,62.18592,65.18659,69.65766,73.80642,77.71578
a_Rs_c[8],64.09877,4.25493,56.04364,71.89737,0.41232,0.29235,96.50537,512.22356,1.03822,57.20758,59.96804,64.08117,67.8978,71.49419
a_Rs_c[9],59.51776,3.95084,52.03831,66.75901,0.38285,0.27146,96.50537,512.22356,1.03822,53.11907,55.68224,59.50142,63.04528,66.38465
a_Rs_c[10],55.67618,3.69583,48.67949,62.45004,0.35814,0.25394,96.50537,512.22356,1.03822,49.6905,52.08823,55.66089,58.97602,62.09985
a_Rs_c[11],52.39989,3.47835,45.81493,58.77515,0.33706,0.239,96.50537,512.22356,1.03822,46.76644,49.02308,52.38551,55.50555,58.44556
a_Rs_c[12],47.08759,3.12572,41.17021,52.81652,0.30289,0.21477,96.50537,512.22356,1.03822,42.02526,44.05311,47.07466,49.8784,52.52034
a_Rs_c[13],44.89696,2.9803,39.25487,50.35937,0.2888,0.20477,96.50537,512.22356,1.03822,40.07014,42.00366,44.88464,47.55794,50.07697
a_Rs_c[14],42.94453,2.8507,37.5478,48.16939,0.27624,0.19587,96.50537,512.22356,1.03822,38.32761,40.17704,42.93274,45.48978,47.89927
a_Rs_c[15],38.16639,2.53352,33.37012,42.80992,0.24551,0.17408,96.50537,512.22356,1.03822,34.06317,35.70683,38.15592,40.42846,42.56986
a_Rs_c[16],36.85015,2.44615,32.21928,41.33353,0.23704,0.16807,96.50537,512.22356,1.03822,32.88843,34.4754,36.84003,39.0342,41.10175
incl_c[0],89.89834,0.01651,89.8698,89.9303,0.00104,0.00074,244.16916,675.04999,1.01976,89.87327,89.88216,89.89724,89.91439,89.92553
incl_c[1],89.78853,0.03434,89.72918,89.85503,0.00217,0.00153,244.16916,675.04999,1.01976,89.73638,89.75488,89.78626,89.82192,89.8451
incl_c[2],89.70273,0.04827,89.61929,89.79621,0.00305,0.00216,244.16916,675.04999,1.01976,89.62942,89.65543,89.69954,89.74966,89.78226
incl_c[3],89.62797,0.06041,89.52356,89.74496,0.00381,0.0027,244.16916,675.04999,1.01976,89.53623,89.56878,89.62398,89.68671,89.72751
incl_c[4],89.56012,0.07143,89.43666,89.69844,0.00451,0.00319,244.16916,675.04999,1.01976,89.45164,89.49012,89.55539,89.62957,89.6778
incl_c[5],89.49715,0.08166,89.35601,89.65527,0.00515,0.00365,244.16916,675.04999,1.01976,89.37315,89.41714,89.49175,89.57654,89.63168
incl_c[6],89.43791,0.09128,89.28014,89.61466,0.00576,0.00408,244.16916,675.04999,1.01976,89.2993,89.34847,89.43187,89.52666,89.58829
incl_c[7],89.38164,0.10042,89.20808,89.57609,0.00634,0.00449,244.16916,675.04999,1.01976,89.22915,89.28325,89.375,89.47927,89.54708
incl_c[8],89.32783,0.10916,89.13916,89.5392,0.00689,0.00488,244.16916,675.04999,1.01976,89.16207,89.22087,89.32061,89.43396,89.50766
incl_c[9],89.27609,0.11756,89.0729,89.50373,0.00742,0.00525,244.16916,675.04999,1.01976,89.09757,89.1609,89.26832,89.39039,89.46977
incl_c[10],89.22614,0.12568,89.00892,89.46949,0.00793,0.00561,244.16916,675.04999,1.01976,89.03529,89.103,89.21783,89.34832,89.43318
incl_c[11],89.17775,0.13353,88.94695,89.43632,0.00843,0.00596,244.16916,675.04999,1.01976,88.97497,89.04691,89.16892,89.30757,89.39774
incl_c[12],89.08497,0.1486,88.82813,89.37272,0.00938,0.00664,244.16916,675.04999,1.01976,88.85931,88.93937,89.07515,89.22945,89.32979
incl_c[13],89.04032,0.15586,88.77095,89.34211,0.00983,0.00696,244.16916,675.04999,1.01976,88.80365,88.88761,89.03002,89.19185,89.29709
incl_c[14],88.99669,0.16294,88.71506,89.3122,0.01028,0.00728,244.16916,675.04999,1.01976,88.74925,88.83703,88.98592,89.15511,89.26513
incl_c[15],88.87107,0.18335,88.55416,89.22609,0.01157,0.00819,244.16916,675.04999,1.01976,88.59264,88.69141,88.85895,89.04933,89.17313
incl_c[16],88.83074,0.1899,88.50251,89.19844,0.01198,0.00848,244.16916,675.04999,1.01976,88.54236,88.64466,88.81818,89.01537,89.14359
u_star_tess[0],0.37839,0.09111,0.20663,0.54316,0.0028,0.00198,1062.80283,1333.74415,1.00258,0.22961,0.28647,0.37823,0.47197,0.5248
u_star_tess[1],0.16273,0.08957,0.00162,0.30676,0.0044,0.00311,367.84269,294.02288,1.01396,0.02251,0.06488,0.15797,0.25418,0.31656
u_star_cheops[0],0.57128,0.09491,0.39286,0.74282,0.00234,0.00167,1645.48145,1561.90514,1.00002,0.41116,0.47514,0.5724,0.66841,0.72333
u_star_cheops[1],0.15095,0.0848,0.00723,0.30091,0.00324,0.00229,595.44788,583.96207,1.00409,0.02656,0.06347,0.14295,0.23669,0.30333
dist_in_transit_b,20.54447,2.93634,15.6024,26.61936,0.34313,0.2436,66.70785,444.40549,1.04922,16.38472,17.98378,20.11711,23.3094,25.90915
vel_b,10.66956,0.94382,8.8801,12.41192,0.04064,0.02875,587.95553,715.15931,1.00974,8.9886,9.7594,10.7553,11.55235,12.10242
logvel_b,2.36329,0.09193,2.19136,2.52411,0.00403,0.00285,587.95553,715.15931,1.00974,2.19596,2.27823,2.3754,2.44689,2.49341
tdur_b[0],0.14044,0.00378,0.13513,0.14906,0.00016,0.00011,633.11871,879.65094,1.00403,0.1359,0.13727,0.13953,0.14362,0.14835
per_prior_c[0],-9.76949,3e-05,-9.76954,-9.76943,0.0,0.0,1000.09449,1510.63048,1.00508,-9.76953,-9.76952,-9.76949,-9.76945,-9.76943
per_prior_c[1],-6.83986,3e-05,-6.83991,-6.83979,0.0,0.0,1000.09449,1510.63048,1.00508,-6.8399,-6.83989,-6.83986,-6.83982,-6.8398
per_prior_c[2],-5.47766,3e-05,-5.47771,-5.47759,0.0,0.0,1000.09449,1510.63048,1.00508,-5.4777,-5.47769,-5.47766,-5.47762,-5.4776
per_prior_c[3],-4.5804,3e-05,-4.58045,-4.58033,0.0,0.0,1000.09449,1510.63048,1.00508,-4.58044,-4.58043,-4.5804,-4.58036,-4.58034
per_prior_c[4],-3.91022,3e-05,-3.91027,-3.91016,0.0,0.0,1000.09449,1510.63048,1.00508,-3.91027,-3.91026,-3.91023,-3.91019,-3.91017
per_prior_c[5],-3.3751,3e-05,-3.37515,-3.37504,0.0,0.0,1000.09449,1510.63048,1.00508,-3.37515,-3.37513,-3.37511,-3.37507,-3.37505
per_prior_c[6],-2.92962,3e-05,-2.92967,-2.92956,0.0,0.0,1000.09449,1510.63048,1.00508,-2.92967,-2.92966,-2.92963,-2.92959,-2.92957
per_prior_c[7],-2.54802,3e-05,-2.54807,-2.54796,0.0,0.0,1000.09449,1510.63048,1.00508,-2.54807,-2.54805,-2.54803,-2.54799,-2.54797
per_prior_c[8],-2.21425,3e-05,-2.2143,-2.21419,0.0,0.0,1000.09449,1510.63048,1.00508,-2.2143,-2.21429,-2.21426,-2.21422,-2.2142
per_prior_c[9],-1.91765,3e-05,-1.9177,-1.91759,0.0,0.0,1000.09449,1510.63048,1.00508,-1.9177,-1.91768,-1.91766,-1.91762,-1.9176
per_prior_c[10],-1.65076,3e-05,-1.65081,-1.6507,0.0,0.0,1000.09449,1510.63048,1.00508,-1.65081,-1.65079,-1.65077,-1.65073,-1.65071
per_prior_c[11],-1.40817,3e-05,-1.40822,-1.40811,0.0,0.0,1000.09449,1510.63048,1.00508,-1.40822,-1.4082,-1.40818,-1.40814,-1.40811
per_prior_c[12],-0.98059,3e-05,-0.98064,-0.98053,0.0,0.0,1000.09449,1510.63048,1.00508,-0.98064,-0.98062,-0.98059,-0.98056,-0.98053
per_prior_c[13],-0.79003,3e-05,-0.79008,-0.78997,0.0,0.0,1000.09449,1510.63048,1.00508,-0.79008,-0.79007,-0.79004,-0.79,-0.78998
per_prior_c[14],-0.61219,3e-05,-0.61224,-0.61213,0.0,0.0,1000.09449,1510.63048,1.00508,-0.61224,-0.61222,-0.61219,-0.61216,-0.61213
per_prior_c[15],-0.14038,3e-05,-0.14043,-0.14031,0.0,0.0,1000.09449,1510.63048,1.00508,-0.14042,-0.14041,-0.14038,-0.14034,-0.14032
per_prior_c[16],1e-05,3e-05,-4e-05,7e-05,0.0,0.0,1000.09449,1510.63048,1.00508,-4e-05,-2e-05,0.0,4e-05,7e-05
max_ecc_c[0],0.93098,0.00615,0.91974,0.93721,0.0004,0.00028,185.16578,225.66258,1.02802,0.9182,0.92478,0.93319,0.93641,0.93695
max_ecc_c[1],0.85643,0.0128,0.83305,0.86939,0.00083,0.00059,185.16578,225.66258,1.02802,0.82986,0.84353,0.86102,0.86772,0.86884
max_ecc_c[2],0.79818,0.01799,0.76531,0.8164,0.00117,0.00083,185.16578,225.66258,1.02802,0.76083,0.78005,0.80463,0.81405,0.81563
max_ecc_c[3],0.74743,0.02251,0.7063,0.77023,0.00146,0.00104,185.16578,225.66258,1.02802,0.70068,0.72474,0.75551,0.76729,0.76927
max_ecc_c[4],0.70137,0.02662,0.65273,0.72832,0.00173,0.00124,185.16578,225.66258,1.02802,0.64609,0.67453,0.71091,0.72484,0.72718
max_ecc_c[5],0.65862,0.03043,0.60302,0.68943,0.00198,0.00142,185.16578,225.66258,1.02802,0.59543,0.62794,0.66953,0.68545,0.68813
max_ecc_c[6],0.6184,0.03401,0.55625,0.65284,0.00221,0.00159,185.16578,225.66258,1.02802,0.54777,0.58411,0.6306,0.6484,0.65139
max_ecc_c[7],0.5802,0.03741,0.51183,0.61809,0.00243,0.00175,185.16578,225.66258,1.02802,0.5025,0.54248,0.59362,0.6132,0.6165
max_ecc_c[8],0.54367,0.04067,0.46935,0.58486,0.00264,0.00191,185.16578,225.66258,1.02802,0.4592,0.50267,0.55826,0.57954,0.58312
max_ecc_c[9],0.50855,0.0438,0.42851,0.5529,0.00284,0.00206,185.16578,225.66258,1.02802,0.41758,0.46439,0.52426,0.54718,0.55104
max_ecc_c[10],0.47464,0.04682,0.38908,0.52205,0.00304,0.00221,185.16578,225.66258,1.02802,0.37739,0.42743,0.49143,0.51594,0.52006
max_ecc_c[11],0.44179,0.04975,0.35088,0.49217,0.00323,0.00236,185.16578,225.66258,1.02802,0.33847,0.39163,0.45964,0.48567,0.49005
max_ecc_c[12],0.37882,0.05536,0.27765,0.43488,0.00359,0.00265,185.16578,225.66258,1.02802,0.26383,0.323,0.39867,0.42765,0.43252
max_ecc_c[13],0.34851,0.05807,0.2424,0.40731,0.00377,0.0028,185.16578,225.66258,1.02802,0.22791,0.28997,0.36933,0.39972,0.40483
max_ecc_c[14],0.31889,0.0607,0.20796,0.38036,0.00394,0.00294,185.16578,225.66258,1.02802,0.19281,0.25768,0.34066,0.37243,0.37777
max_ecc_c[15],0.23362,0.0683,0.1088,0.30279,0.00443,0.00339,185.16578,225.66258,1.02802,0.09176,0.16475,0.25812,0.29386,0.29987
max_ecc_c[16],0.20624,0.07074,0.07697,0.27788,0.00459,0.00354,185.16578,225.66258,1.02802,0.05932,0.13492,0.23162,0.26864,0.27487
v_prior_c[0],-136.03926,13.74405,-155.14595,-111.63631,0.48129,0.34045,1043.78619,1030.02151,1.005,-151.39384,-147.6017,-138.65247,-125.73647,-110.04291
v_prior_c[1],-86.97342,17.2289,-114.18432,-55.31337,0.58288,0.41229,1043.32836,1030.02151,1.00495,-108.38057,-102.64437,-89.68016,-72.35635,-53.50511
v_prior_c[2],-60.60374,16.64784,-87.37854,-27.83817,0.54892,0.38827,1044.27821,1030.02151,1.00491,-82.79342,-76.4945,-62.71645,-45.37939,-28.12531
v_prior_c[3],-43.60177,15.1139,-69.63671,-14.03986,0.48683,0.34434,1042.28571,1030.02151,1.00459,-64.93815,-58.57491,-45.05445,-28.95464,-14.27227
v_prior_c[4],-31.79286,13.34682,-54.49298,-4.54568,0.42019,0.29721,1066.25234,1064.34271,1.00475,-51.62412,-45.43126,-32.63151,-18.19964,-6.24252
v_prior_c[5],-23.25075,11.59747,-40.66901,2.13248,0.3576,0.25293,1081.79437,1073.34051,1.00457,-41.31461,-35.41378,-23.5468,-10.9178,-2.0614
v_prior_c[6],-16.93241,9.94521,-32.52291,2.13779,0.29995,0.21215,1112.39812,1291.85975,1.00326,-33.13536,-27.59068,-16.7555,-5.99374,0.1985
v_prior_c[7],-12.19252,8.45569,-25.96256,2.13392,0.25011,0.1769,1157.67816,1345.07712,1.00263,-26.53732,-21.40208,-11.60176,-2.81076,1.33477
v_prior_c[8],-8.62543,7.14729,-20.65372,2.1282,0.20887,0.14773,1193.83346,1463.1722,1.00269,-21.27245,-16.42187,-7.72779,-0.54663,1.70679
v_prior_c[9],-6.08116,8.96795,-16.40171,2.12578,0.24562,0.17372,1171.71904,1631.68154,1.0014,-16.95253,-12.5379,-4.75006,0.66837,1.81421
v_prior_c[10],-4.25502,10.88112,-13.04626,2.11999,0.35533,0.25133,1142.71345,1236.15215,1.00204,-13.61051,-9.3351,-2.56442,1.30464,1.94422
v_prior_c[11],-3.32476,15.53844,-10.26346,2.11745,0.48705,0.34449,1090.00305,1268.4703,1.00311,-10.79046,-6.82642,-1.0152,1.56525,2.02983
v_prior_c[12],-3.0246,26.62801,-6.56872,2.11044,0.93605,0.66213,1122.09144,1076.82006,1.00678,-7.16372,-3.46249,0.7266,1.85024,2.07271
v_prior_c[13],-4.24203,33.55533,-5.64713,2.10714,1.2179,0.86152,1027.36982,982.07147,1.00537,-6.61257,-2.47182,1.01029,1.94687,2.08552
v_prior_c[14],-7.11122,44.02354,-6.45689,2.17371,1.55571,1.10046,977.98409,986.66317,1.00349,-7.93596,-1.90629,1.12089,1.96269,2.08594
v_prior_c[15],-32.53452,89.48889,-302.6136,2.17466,3.22362,2.28031,1034.53592,853.44263,1.0032,-302.84822,-7.21276,1.36381,1.91681,2.08399
v_prior_c[16],-46.52499,103.64535,-303.15374,2.21142,3.92462,2.77629,898.55916,846.69103,1.00233,-303.52497,-111.22324,1.16545,1.90968,2.07676
logprior_c[0],-145.80875,13.74405,-164.91544,-121.4058,0.48129,0.34045,1043.78619,1030.02151,1.00499,-161.16337,-157.37115,-148.42197,-135.50595,-119.8124
logprior_c[1],-93.81328,17.2289,-121.02417,-62.15323,0.58288,0.41229,1043.32088,1030.02151,1.00497,-115.22046,-109.48419,-96.52002,-79.1962,-60.34497
logprior_c[2],-66.0814,16.64785,-92.85621,-33.31583,0.54892,0.38827,1044.28218,1030.02151,1.00491,-88.27111,-81.97211,-68.19411,-50.85704,-33.60297
logprior_c[3],-48.18217,15.1139,-74.21712,-18.62026,0.48683,0.34434,1042.28062,1030.02151,1.00461,-69.51858,-63.15527,-49.63485,-33.53504,-18.85267
logprior_c[4],-35.70309,13.34682,-58.40315,-8.45592,0.42019,0.29721,1066.26607,1064.34271,1.00475,-55.53438,-49.34144,-36.54173,-22.10986,-10.15267
logprior_c[5],-26.62586,11.59747,-44.04412,-1.2426,0.3576,0.25293,1081.79991,1073.34051,1.00459,-44.68975,-38.78885,-26.92192,-14.29288,-5.43653
logprior_c[6],-19.86203,9.94521,-35.45254,-0.79183,0.29995,0.21216,1112.40442,1291.85975,1.00327,-36.06502,-30.52027,-19.68511,-8.92332,-2.73111
logprior_c[7],-14.74055,8.45569,-28.51062,-0.41408,0.25011,0.1769,1157.68456,1345.07712,1.00263,-29.08538,-23.95007,-14.14979,-5.35879,-1.21327
logprior_c[8],-10.83968,7.14729,-22.86803,-0.08602,0.20887,0.14773,1193.83066,1463.1722,1.00268,-23.48676,-18.6361,-9.94208,-2.76086,-0.50748
logprior_c[9],-7.99881,8.96795,-18.31928,0.20816,0.24562,0.17372,1171.63677,1631.68154,1.00139,-18.87019,-14.45556,-6.6677,-1.24925,-0.10342
logprior_c[10],-5.90578,10.88112,-14.69706,0.46924,0.35533,0.25133,1142.69894,1236.15215,1.00204,-15.26129,-10.98587,-4.2152,-0.34614,0.29342
logprior_c[11],-4.73293,15.53844,-11.67162,0.70922,0.48705,0.34449,1089.76338,1268.4703,1.00309,-12.19861,-8.2346,-2.4234,0.15706,0.62165
logprior_c[12],-4.00519,26.62801,-7.54933,1.12991,0.93605,0.66213,1122.13161,1076.82006,1.00679,-8.14432,-4.44307,-0.25397,0.86967,1.0921
logprior_c[13],-5.03207,33.55533,-6.43717,1.3171,1.2179,0.86152,1027.56316,982.07147,1.00537,-7.40261,-3.2618,0.22026,1.15686,1.29547
logprior_c[14],-7.72341,44.02354,-7.06908,1.56155,1.55571,1.10046,977.88969,986.66317,1.00349,-8.54814,-2.51848,0.5087,1.35053,1.47375
logprior_c[15],-32.6749,89.48889,-302.75396,2.03426,3.22362,2.28031,1036.83141,853.44263,1.00319,-302.98854,-7.35314,1.22346,1.77642,1.94358
logprior_c[16],-46.52498,103.64535,-303.1537,2.21139,3.92462,2.77629,887.44064,846.69103,1.00204,-303.52496,-111.2232,1.16545,1.90972,2.07674
logprob_c[0],-145.80875,13.74405,-164.91544,-121.4058,0.48129,0.34045,1043.78619,1030.02151,1.00499,-161.16337,-157.37115,-148.42197,-135.50595,-119.8124
logprob_c[1],-93.81328,17.2289,-121.02417,-62.15323,0.58288,0.41229,1043.32088,1030.02151,1.00497,-115.22046,-109.48419,-96.52002,-79.1962,-60.34497
logprob_c[2],-66.0814,16.64785,-92.85621,-33.31583,0.54892,0.38827,1044.28218,1030.02151,1.00491,-88.27111,-81.97211,-68.19411,-50.85704,-33.60297
logprob_c[3],-48.18217,15.1139,-74.21712,-18.62026,0.48683,0.34434,1042.28062,1030.02151,1.00461,-69.51858,-63.15527,-49.63485,-33.53504,-18.85267
logprob_c[4],-35.70309,13.34682,-58.40315,-8.45592,0.42019,0.29721,1066.26607,1064.34271,1.00475,-55.53438,-49.34144,-36.54173,-22.10986,-10.15267
logprob_c[5],-26.62586,11.59747,-44.04412,-1.2426,0.3576,0.25293,1081.79991,1073.34051,1.00459,-44.68975,-38.78885,-26.92192,-14.29288,-5.43653
logprob_c[6],-19.86203,9.94521,-35.45254,-0.79183,0.29995,0.21216,1112.40442,1291.85975,1.00327,-36.06502,-30.52027,-19.68511,-8.92332,-2.73111
logprob_c[7],-14.74055,8.45569,-28.51062,-0.41408,0.25011,0.1769,1157.68456,1345.07712,1.00263,-29.08538,-23.95007,-14.14979,-5.35879,-1.21327
logprob_c[8],-10.83968,7.14729,-22.86803,-0.08602,0.20887,0.14773,1193.83066,1463.1722,1.00268,-23.48676,-18.6361,-9.94208,-2.76086,-0.50748
logprob_c[9],-7.99881,8.96795,-18.31928,0.20816,0.24562,0.17372,1171.63677,1631.68154,1.00139,-18.87019,-14.45556,-6.6677,-1.24925,-0.10342
logprob_c[10],-5.90578,10.88112,-14.69706,0.46924,0.35533,0.25133,1142.69894,1236.15215,1.00204,-15.26129,-10.98587,-4.2152,-0.34614,0.29342
logprob_c[11],-4.73293,15.53844,-11.67162,0.70922,0.48705,0.34449,1089.76338,1268.4703,1.00309,-12.19861,-8.2346,-2.4234,0.15706,0.62165
logprob_c[12],-4.00519,26.62801,-7.54933,1.12991,0.93605,0.66213,1122.13161,1076.82006,1.00679,-8.14432,-4.44307,-0.25397,0.86967,1.0921
logprob_c[13],-5.03207,33.55533,-6.43717,1.3171,1.2179,0.86152,1027.56316,982.07147,1.00537,-7.40261,-3.2618,0.22026,1.15686,1.29547
logprob_c[14],-7.72341,44.02354,-7.06908,1.56155,1.55571,1.10046,977.88969,986.66317,1.00349,-8.54814,-2.51848,0.5087,1.35053,1.47375
logprob_c[15],-32.6749,89.48889,-302.75396,2.03426,3.22362,2.28031,1036.83141,853.44263,1.00319,-302.98854,-7.35314,1.22346,1.77642,1.94358
logprob_c[16],-46.52498,103.64535,-303.1537,2.21139,3.92462,2.77629,887.44064,846.69103,1.00204,-303.52496,-111.2232,1.16545,1.90972,2.07674
ecc_c,0.81636,0.04314,0.74227,0.87199,0.00154,0.00109,1042.81595,1030.02151,1.00501,0.73706,0.78651,0.82512,0.85087,0.86153
ecc_marg_c,0.81636,0.04314,0.74227,0.87199,0.00154,0.00109,1042.81595,1030.02151,1.00501,0.73706,0.78651,0.82512,0.85087,0.86153
vel_marg_c,1.01242,0.03438,0.97153,1.07829,0.00097,0.00068,1150.93401,1219.62556,1.00252,0.97966,0.98348,0.99851,1.04595,1.08253
per_marg_c,25.27772,10.06002,19.03843,39.31451,0.38529,0.27973,1041.8837,1030.02151,1.0047,19.22839,19.49292,22.11254,29.38323,41.15156
